사건의 지평선,윤하 (YOUNHA)
Nxde,(여자)아이들
ANTIFRAGILE,LE SSERAFIM (르세라핌)
Hype boy,NewJeans
After LIKE,IVE (아이브)
새삥 (Prod. ZICO) (Feat. 호미들),지코 (ZICO)
Rush Hour (Feat. j-hope of BTS),Crush
Attention,NewJeans
Monologue,테이
Shut Down,BLACKPINK
자격지심 (Feat. ZICO),BE'O (비오)
LOVE DIVE,IVE (아이브)
Pink Venom,BLACKPINK
사랑은 늘 도망가,임영웅
딱 10CM만,10CM
우리들의 블루스,임영웅
우린 그렇게 사랑해서,강민경 (다비치)
그때 그 순간 그대로 (그그그),WSG워너비 (가야G)
다시 만날 수 있을까,임영웅
TOMBOY,(여자)아이들
해요 (2022),#안녕
그라데이션,10CM
Cookie,NewJeans
사랑인가 봐,멜로망스
무지개,임영웅
이제 나만 믿어요,임영웅
내가 아니라도,주호
아버지,임영웅
정이라고 하자 (Feat. 10CM),BIG Naughty (서동현)
보고싶었어,WSG워너비 (4FIRE)
너의 모든 순간,성시경
A bientot,임영웅
FEARLESS,LE SSERAFIM (르세라핌)
나의 X에게,경서
손이 참 곱던 그대,임영웅
떠나보낼 준비해 둘걸 그랬어,임한별
인생찬가,임영웅
사랑해 진짜,임영웅
ELEVEN,IVE (아이브)
연애편지,임영웅
That's Hilarious,Charlie Puth
취중고백,김민석 (멜로망스)
That That (prod. & feat. SUGA of BTS),싸이 (PSY)
다정히 내 이름을 부르면,경서예지
사랑역,임영웅
FOREVER 1,소녀시대 (GIRLS' GENERATION)
보금자리,임영웅
내 기쁨은 너가 벤틀리를 끄는 거야,김승민
사랑해요 그대를,임영웅
I Don't Think That I Like Her,Charlie Puth
LAW (Prod. Czaer),윤미래
LOVE me,BE'O (비오)
The Astronaut,진
고백연습,경서
새벽에 걸려온 너의 전화는,한동근
SNEAKERS,ITZY (있지)
첫사랑,백아
도깨비불 (Illusion),aespa
Dynamite,방탄소년단
Love story,볼빨간사춘기
Left and Right (Feat. Jung Kook of BTS),Charlie Puth
주저하는 연인들을 위해,잔나비
그래서 그대는,이영현
"모든 날, 모든 순간 (Every day, Every Moment)",폴킴
사랑한다고 말해줘,탑현
STAY,The Kid LAROI
봄여름가을겨울 (Still Life),BIGBANG (빅뱅)
밤하늘의 별을(2020),경서
스티커 사진,21학번
POP!,나연 (TWICE)
Butter,방탄소년단
못해,김나영
Yet To Come,방탄소년단
strawberry moon,아이유
봄날,방탄소년단
MY BAG,(여자)아이들
통화연결음,보라미유
신호등,이무진
Permission to Dance,방탄소년단
Feel My Rhythm,Red Velvet (레드벨벳)
DICE,NMIXX
Everything,ASH ISLAND
INVU,태연 (TAEYEON)
내 손을 잡아,아이유
바보에게 바보가 (웹툰 '연애의 발견' X 이석훈),이석훈
Off My Face,Justin Bieber
드라마,아이유
늦은 밤 헤어지긴 너무 아쉬워,케이시 (Kassy)
"회전목마 (Feat. Zion.T, 원슈타인) (Prod. Slom)",sokodomo
Alone,하이라이트 (Highlight)
Girls,aespa
그중에 그대를 만나,김호중
GANADARA (Feat. 아이유),박재범
Next Level,aespa
I Ain't Worried,OneRepublic
GHOST TOWN,Benson Boone
너를 생각해,주시크 (Joosiq)
Talk that Talk,TWICE (트와이스)
진심이었던 사람만 바보가 돼,권진아
나의 목소리로,김호중
